<?xml version="1.0" encoding="UTF-8"?>
<project-private xmlns="http://www.netbeans.org/ns/project-private/1">
    <editor-bookmarks xmlns="http://www.netbeans.org/ns/editor-bookmarks/2" lastBookmarkId="0"/>
    <open-files xmlns="http://www.netbeans.org/ns/projectui-open-files/2">
        <group>
            <file>file:/C:/Users/Brian/Desktop/Threads_Synchronization/src/threads_synchronization/Bookstore.java</file>
            <file>file:/C:/Users/Brian/Desktop/Threads_Synchronization/src/threads_synchronization/Vistor.java</file>
            <file>file:/C:/Users/Brian/Desktop/Threads_Synchronization/src/threads_synchronization/Cashier.java</file>
            <file>file:/C:/Users/Brian/Desktop/Threads_Synchronization/src/threads_synchronization/Buffer.java</file>
            <file>file:/C:/Users/Brian/Desktop/Threads_Synchronization/src/threads_synchronization/SleepUtilities.java</file>
            <file>file:/C:/Users/Brian/Desktop/Threads_Synchronization/src/threads_synchronization/Semaphore.java</file>
            <file>file:/C:/Users/Brian/Desktop/Threads_Synchronization/src/threads_synchronization/time.java</file>
            <file>file:/C:/Users/Brian/Desktop/Threads_Synchronization/src/threads_synchronization/Cashier_Bounded_Buffer.java</file>
        </group>
    </open-files>
</project-private>
